episode,agent_id,pos_x,pos_y,total_reward,food_collected,collisions,random_actions,greedy_actions,epsilon,episode_length
0,0,2,2,-60,4,0,8,92,0.0995,100
1,0,5,4,-60,4,0,13,87,0.09900250000000001,100
2,0,3,1,-60,4,0,9,91,0.0985074875,100
3,0,3,1,-50,5,0,10,90,0.09801495006250001,100
4,0,1,3,-40,6,0,12,88,0.09752487531218751,100
5,0,5,1,-50,5,0,5,95,0.09703725093562657,100
6,0,8,0,-80,2,0,7,93,0.09655206468094843,100
7,0,7,5,-80,2,0,9,91,0.09606930435754368,100
8,0,6,3,-40,6,0,15,85,0.09558895783575597,100
9,0,2,1,-80,2,0,9,91,0.09511101304657718,100
10,0,2,0,-60,4,0,9,91,0.09463545798134429,100
11,0,1,6,-70,3,0,10,90,0.09416228069143756,100
12,0,9,0,-10,9,0,8,92,0.09369146928798038,100
13,0,6,7,-40,6,0,9,91,0.09322301194154048,100
14,0,9,9,-30,7,0,9,91,0.09275689688183278,100
15,0,7,6,-40,6,0,6,94,0.09229311239742362,100
16,0,5,7,-80,2,0,7,93,0.0918316468354365,100
17,0,7,1,-20,8,0,10,90,0.09137248860125932,100
18,0,1,9,-80,2,0,7,93,0.09091562615825302,100
19,0,5,4,-90,1,0,7,93,0.09046104802746176,100
20,0,8,8,-90,1,0,11,89,0.09000874278732444,100
21,0,2,0,-50,5,0,9,91,0.08955869907338782,100
22,0,9,0,-60,4,0,5,95,0.08911090557802087,100
23,0,8,1,-10,9,0,11,89,0.08866535105013076,100
24,0,5,1,-30,7,0,8,92,0.08822202429488012,100
25,0,0,3,-100,0,0,5,95,0.08778091417340572,100
26,0,5,4,-70,3,0,12,88,0.0873420096025387,100
27,0,1,2,-60,4,0,7,93,0.086905299554526,100
28,0,4,4,-70,3,0,15,85,0.08647077305675337,100
29,0,6,5,-50,5,0,7,93,0.0860384191914696,100
30,0,9,6,-90,1,0,10,90,0.08560822709551225,100
31,0,7,2,-50,5,0,10,90,0.08518018596003468,100
32,0,3,5,-70,3,0,9,91,0.08475428503023451,100
33,0,4,5,-70,3,0,6,94,0.08433051360508334,100
34,0,3,8,-50,5,0,10,90,0.08390886103705793,100
35,0,8,8,-50,5,0,10,90,0.08348931673187264,100
36,0,3,3,-60,4,0,4,96,0.08307187014821328,100
37,0,6,2,-80,2,0,11,89,0.08265651079747222,100
38,0,5,7,-50,5,0,6,94,0.08224322824348486,100
39,0,3,5,-70,3,0,10,90,0.08183201210226744,100
40,0,8,1,-30,7,0,5,95,0.0814228520417561,100
41,0,4,4,-80,2,0,10,90,0.08101573778154732,100
42,0,9,5,-80,2,0,5,95,0.08061065909263958,100
43,0,3,8,-40,6,0,7,93,0.08020760579717638,100
44,0,5,8,-90,1,0,12,88,0.0798065677681905,100
45,0,2,5,-40,6,0,7,93,0.07940753492934956,100
46,0,0,6,-80,2,0,7,93,0.07901049725470281,100
47,0,3,2,-100,0,0,6,94,0.0786154447684293,100
48,0,7,0,-80,2,0,9,91,0.07822236754458715,100
49,0,8,2,-70,3,0,8,92,0.07783125570686422,100
50,0,4,4,-20,8,0,8,92,0.0774420994283299,100
51,0,1,3,-40,6,0,7,93,0.07705488893118825,100
52,0,8,5,-30,7,0,5,95,0.07666961448653231,100
53,0,2,9,-30,7,0,2,98,0.07628626641409965,100
54,0,5,8,-10,9,0,8,92,0.07590483508202915,100
55,0,5,5,-60,4,0,11,89,0.075525310906619,100
56,0,3,9,-10,9,0,11,89,0.07514768435208591,100
57,0,5,7,-50,5,0,9,91,0.07477194593032548,100
58,0,1,9,-10,9,0,7,93,0.07439808620067385,100
59,0,7,7,-60,4,0,6,94,0.07402609576967048,100
60,0,6,2,-80,2,0,6,94,0.07365596529082213,100
61,0,8,3,-60,4,0,10,90,0.07328768546436802,100
62,0,6,7,-40,6,0,4,96,0.07292124703704618,100
63,0,8,3,-70,3,0,8,92,0.07255664080186094,100
64,0,5,7,-60,4,0,9,91,0.07219385759785164,100
65,0,9,0,-30,7,0,6,94,0.07183288830986238,100
66,0,7,8,-60,4,0,6,94,0.07147372386831308,100
67,0,4,1,-30,7,0,8,92,0.07111635524897152,100
68,0,7,9,-20,8,0,10,90,0.07076077347272666,100
69,0,8,3,-40,6,0,6,94,0.07040696960536302,100
70,0,6,1,-90,1,0,10,90,0.0700549347573362,100
71,0,1,5,-50,5,0,8,92,0.06970466008354953,100
72,0,3,2,-50,5,0,9,91,0.06935613678313178,100
73,0,3,7,-60,4,0,5,95,0.06900935609921612,100
74,0,8,4,-50,5,0,5,95,0.06866430931872003,100
75,0,5,4,-50,5,0,14,86,0.06832098777212643,100
76,0,8,4,-60,4,0,6,94,0.0679793828332658,100
77,0,4,7,-60,4,0,9,91,0.06763948591909946,100
78,0,8,4,-40,6,0,7,93,0.06730128848950397,100
79,0,0,7,-50,5,0,6,94,0.06696478204705644,100
80,0,4,4,0,10,0,11,89,0.06662995813682115,100
81,0,8,5,-60,4,0,6,94,0.06629680834613705,100
82,0,3,3,-70,3,0,7,93,0.06596532430440637,100
83,0,6,9,-50,5,0,3,97,0.06563549768288433,100
84,0,4,9,-50,5,0,4,96,0.06530732019446991,100
85,0,4,0,-60,4,0,5,95,0.06498078359349757,100
86,0,8,8,-50,5,0,4,96,0.06465587967553008,100
87,0,7,4,-50,5,0,9,91,0.06433260027715243,100
88,0,7,5,-60,4,0,6,94,0.06401093727576666,100
89,0,7,8,-50,5,0,8,92,0.06369088258938783,100
90,0,5,6,-90,1,0,5,95,0.0633724281764409,100
91,0,6,5,-40,6,0,9,91,0.06305556603555869,100
92,0,8,3,-60,4,0,3,97,0.0627402882053809,100
93,0,6,7,-50,5,0,4,96,0.062426586764353996,100
94,0,2,4,-70,3,0,6,94,0.062114453830532226,100
95,0,4,7,-80,2,0,9,91,0.061803881561379566,100
96,0,6,4,-60,4,0,6,94,0.061494862153572666,100
97,0,4,0,-60,4,0,6,94,0.0611873878428048,100
98,0,8,4,-80,2,0,10,90,0.060881450903590775,100
99,0,7,4,-80,2,0,5,95,0.06057704364907282,100
100,0,6,5,-90,1,0,4,96,0.06027415843082746,100
101,0,3,2,-30,7,0,7,93,0.05997278763867332,100
102,0,8,6,-70,3,0,7,93,0.059672923700479955,100
103,0,7,6,-10,9,0,10,90,0.05937455908197756,100
104,0,5,9,-10,9,0,6,94,0.05907768628656767,100
105,0,1,6,-40,6,0,3,97,0.05878229785513483,100
106,0,8,2,-60,4,0,4,96,0.05848838636585915,100
107,0,7,8,-80,2,0,4,96,0.05819594443402985,100
108,0,4,8,-100,0,0,4,96,0.057904964711859706,100
109,0,6,8,-60,4,0,4,96,0.05761543988830041,100
110,0,4,3,-40,6,0,6,94,0.05732736268885891,100
111,0,2,6,-50,5,0,7,93,0.05704072587541461,100
112,0,3,6,-60,4,0,9,91,0.05675552224603753,100
113,0,3,8,-50,5,0,4,96,0.05647174463480734,100
114,0,6,0,-80,2,0,5,95,0.056189385911633305,100
115,0,7,8,-40,6,0,5,95,0.05590843898207514,100
116,0,2,1,-70,3,0,5,95,0.05562889678716477,100
117,0,0,3,-40,6,0,8,92,0.055350752303228945,100
118,0,2,4,-20,8,0,10,90,0.0550739985417128,100
119,0,3,0,-60,4,0,6,94,0.05479862854900423,100
120,0,0,1,-30,7,0,6,94,0.05452463540625921,100
121,0,5,5,-50,5,0,6,94,0.05425201222922791,100
122,0,3,9,-70,3,0,6,94,0.05398075216808177,100
123,0,8,0,-30,7,0,5,95,0.053710848407241364,100
124,0,4,7,-50,5,0,4,96,0.053442294165205156,100
125,0,2,9,-50,5,0,9,91,0.05317508269437913,100
126,0,1,1,-90,1,0,6,94,0.052909207280907235,100
127,0,7,3,-40,6,0,3,97,0.0526446612445027,100
128,0,1,9,-50,5,0,10,90,0.052381437938280186,100
129,0,4,1,0,10,0,3,97,0.052119530748588785,100
130,0,6,3,-30,7,0,4,96,0.05185893309484584,100
131,0,8,0,-50,5,0,6,94,0.05159963842937161,100
132,0,4,4,-70,3,0,8,92,0.051341640237224755,100
133,0,9,2,-70,3,0,6,94,0.05108493203603863,100
134,0,2,9,-70,3,0,6,94,0.05082950737585844,100
135,0,3,2,-80,2,0,4,96,0.05057535983897914,100
136,0,3,3,-80,2,0,8,92,0.050322483039784247,100
137,0,6,7,-60,4,0,11,89,0.050070870624585324,100
138,0,5,9,-70,3,0,8,92,0.049820516271462396,100
139,0,8,8,-40,6,0,4,96,0.049571413690105086,100
140,0,4,4,-80,2,0,5,95,0.04932355662165456,100
141,0,0,6,-30,7,0,5,95,0.04907693883854629,100
142,0,2,3,-50,5,0,3,97,0.048831554144353556,100
143,0,4,9,-50,5,0,4,96,0.04858739637363179,100
144,0,4,1,-50,5,0,4,96,0.04834445939176363,100
145,0,8,8,-40,6,0,4,96,0.04810273709480481,100
146,0,2,3,-70,3,0,9,91,0.04786222340933079,100
147,0,1,3,-70,3,0,5,95,0.04762291229228413,100
148,0,1,5,-10,9,0,4,96,0.04738479773082271,100
149,0,1,1,-50,5,0,1,99,0.04714787374216859,100
150,0,0,6,-60,4,0,5,95,0.046912134373457745,100
151,0,8,8,0,10,0,4,96,0.04667757370159046,100
152,0,2,6,-90,1,0,7,93,0.046444185833082505,100
153,0,5,8,-30,7,0,5,95,0.046211964903917095,100
154,0,0,6,-70,3,0,4,96,0.04598090507939751,100
155,0,8,0,-50,5,0,4,96,0.045751000554000526,100
156,0,1,3,-40,6,0,6,94,0.04552224555123052,100
157,0,8,8,-50,5,0,2,98,0.04529463432347437,100
158,0,2,0,-70,3,0,6,94,0.045068161151857,100
159,0,1,0,-10,9,0,6,94,0.04484282034609772,100
160,0,2,6,-60,4,0,2,98,0.04461860624436723,100
161,0,5,1,-80,2,0,7,93,0.044395513213145395,100
162,0,2,0,-50,5,0,1,99,0.04417353564707967,100
163,0,4,9,-60,4,0,7,93,0.04395266796884427,100
164,0,7,9,-40,6,0,6,94,0.04373290462900005,100
165,0,6,1,-70,3,0,8,92,0.04351424010585505,100
166,0,3,5,-20,8,0,3,97,0.043296668905325776,100
167,0,7,5,-20,8,0,6,94,0.04308018556079915,100
168,0,2,1,-70,3,0,2,98,0.04286478463299515,100
169,0,8,0,-60,4,0,4,96,0.042650460709830175,100
170,0,5,7,-70,3,0,6,94,0.04243720840628103,100
171,0,3,3,-60,4,0,5,95,0.042225022364249624,100
172,0,5,2,-70,3,0,3,97,0.04201389725242838,100
173,0,3,6,-40,6,0,5,95,0.041803827766166236,100
174,0,4,2,-50,5,0,3,97,0.0415948086273354,100
175,0,4,2,-80,2,0,2,98,0.04138683458419873,100
176,0,4,4,-80,2,0,3,97,0.04117990041127773,100
177,0,2,3,-40,6,0,5,95,0.04097400090922134,100
178,0,0,5,-40,6,0,4,96,0.04076913090467523,100
179,0,2,6,-40,6,0,4,96,0.04056528525015186,100
180,0,4,9,0,10,0,4,96,0.0403624588239011,100
181,0,9,8,-20,8,0,5,95,0.04016064652978159,100
182,0,8,6,-40,6,0,3,97,0.03995984329713268,100
183,0,1,4,-20,8,0,5,95,0.03976004408064702,100
184,0,9,5,-80,2,0,4,96,0.03956124386024378,100
185,0,1,5,-50,5,0,4,96,0.039363437640942564,100
186,0,2,5,-40,6,0,8,92,0.03916662045273785,100
187,0,8,5,-50,5,0,1,99,0.03897078735047416,100
188,0,3,9,-40,6,0,1,99,0.03877593341372179,100
189,0,6,4,-70,3,0,6,94,0.03858205374665318,100
190,0,1,8,-40,6,0,10,90,0.03838914347791991,100
191,0,3,9,-70,3,0,3,97,0.038197197760530315,100
192,0,0,4,-80,2,0,4,96,0.038006211771727666,100
193,0,2,8,-80,2,0,7,93,0.037816180712869026,100
194,0,2,6,-50,5,0,2,98,0.03762709980930468,100
195,0,2,4,-40,6,0,3,97,0.03743896431025816,100
196,0,2,5,-70,3,0,8,92,0.037251769488706864,100
197,0,4,0,-60,4,0,6,94,0.03706551064126333,100
198,0,5,2,-40,6,0,2,98,0.03688018308805701,100
199,0,4,8,-30,7,0,5,95,0.03669578217261672,100
200,0,7,5,-80,2,0,5,95,0.036512303261753636,100
201,0,2,0,-70,3,0,4,96,0.036329741745444864,100
202,0,5,9,-80,2,0,5,95,0.03614809303671764,100
203,0,4,7,-50,5,0,3,97,0.03596735257153405,100
204,0,6,8,-60,4,0,3,97,0.03578751580867638,100
205,0,1,5,-70,3,0,4,96,0.035608578229633,100
206,0,1,7,-60,4,0,4,96,0.035430535338484836,100
207,0,8,5,-70,3,0,5,95,0.03525338266179241,100
208,0,9,5,-10,9,0,3,97,0.03507711574848345,100
209,0,9,2,-40,6,0,3,97,0.03490173016974103,100
210,0,8,4,0,10,0,8,92,0.03472722151889233,100
211,0,6,7,-80,2,0,3,97,0.03455358541129787,100
212,0,2,5,-70,3,0,3,97,0.03438081748424138,100
213,0,5,5,-40,6,0,2,98,0.03420891339682017,100
214,0,1,6,-50,5,0,4,96,0.03403786882983607,100
215,0,9,1,-60,4,0,5,95,0.033867679485686884,100
216,0,7,5,-30,7,0,3,97,0.03369834108825845,100
217,0,9,0,-50,5,0,5,95,0.03352984938281715,100
218,0,3,7,-70,3,0,3,97,0.03336220013590307,100
219,0,2,5,-40,6,0,3,97,0.03319538913522355,100
220,0,1,2,-40,6,0,3,97,0.033029412189547434,100
221,0,5,7,-80,2,0,1,99,0.0328642651285997,100
222,0,2,6,-50,5,0,0,100,0.032699943802956696,100
223,0,7,4,-40,6,0,2,98,0.032536444083941914,100
224,0,2,6,-70,3,0,6,94,0.032373761863522206,100
225,0,6,5,-30,7,0,5,95,0.0322118930542046,100
226,0,4,1,-60,4,0,1,99,0.032050833588933576,100
227,0,1,4,-50,5,0,3,97,0.031890579420988906,100
228,0,2,2,-40,6,0,3,97,0.03173112652388396,100
229,0,1,8,-50,5,0,6,94,0.03157247089126454,100
230,0,4,5,-60,4,0,0,100,0.03141460853680822,100
231,0,6,7,-60,4,0,5,95,0.031257535494124175,100
232,0,1,4,-60,4,0,2,98,0.031101247816653552,100
233,0,6,0,-40,6,0,1,99,0.030945741577570286,100
234,0,3,8,-60,4,0,3,97,0.030791012869682433,100
235,0,1,4,-80,2,0,6,94,0.03063705780533402,100
236,0,2,5,-50,5,0,6,94,0.03048387251630735,100
237,0,0,2,-50,5,0,1,99,0.03033145315372581,100
238,0,9,5,-30,7,0,2,98,0.030179795887957182,100
239,0,8,0,-40,6,0,1,99,0.030028896908517396,100
240,0,5,0,-50,5,0,3,97,0.029878752423974808,100
241,0,3,1,-60,4,0,5,95,0.029729358661854933,100
242,0,1,2,-70,3,0,2,98,0.029580711868545658,100
243,0,7,2,-50,5,0,2,98,0.02943280830920293,100
244,0,9,0,-70,3,0,4,96,0.029285644267656914,100
245,0,0,2,-70,3,0,2,98,0.02913921604631863,100
246,0,5,8,-50,5,0,1,99,0.028993519966087036,100
247,0,1,0,-50,5,0,4,96,0.0288485523662566,100
248,0,5,6,-30,7,0,1,99,0.028704309604425316,100
249,0,4,7,-70,3,0,3,97,0.028560788056403188,100
250,0,4,4,-90,1,0,2,98,0.028417984116121172,100
251,0,2,8,-30,7,0,4,96,0.028275894195540566,100
252,0,4,8,-70,3,0,1,99,0.028134514724562864,100
253,0,4,9,-50,5,0,1,99,0.02799384215094005,100
254,0,6,6,-40,6,0,2,98,0.027853872940185348,100
255,0,0,3,-60,4,0,5,95,0.02771460357548442,100
256,0,4,7,-70,3,0,2,98,0.027576030557607,100
257,0,1,3,-70,3,0,4,96,0.027438150404818965,100
258,0,6,9,-90,1,0,4,96,0.02730095965279487,100
259,0,5,9,-50,5,0,3,97,0.027164454854530895,100
260,0,7,1,-50,5,0,2,98,0.02702863258025824,100
261,0,8,8,-70,3,0,3,97,0.02689348941735695,100
262,0,9,1,-60,4,0,3,97,0.026759021970270167,100
263,0,5,0,-70,3,0,1,99,0.026625226860418818,100
264,0,3,5,-70,3,0,4,96,0.026492100726116723,100
265,0,2,7,-80,2,0,1,99,0.02635964022248614,100
266,0,0,1,-40,6,0,2,98,0.02622784202137371,100
267,0,7,9,-70,3,0,2,98,0.02609670281126684,100
268,0,1,9,-80,2,0,1,99,0.02596621929721051,100
269,0,5,5,-70,3,0,0,100,0.025836388200724456,100
270,0,2,8,-50,5,0,6,94,0.025707206259720835,100
271,0,1,9,-70,3,0,2,98,0.02557867022842223,100
272,0,2,7,-20,8,0,2,98,0.025450776877280118,100
273,0,5,5,-70,3,0,2,98,0.025323522992893716,100
274,0,9,0,-50,5,0,3,97,0.02519690537792925,100
275,0,1,7,-70,3,0,2,98,0.025070920851039603,100
276,0,5,7,-90,1,0,2,98,0.024945566246784404,100
277,0,7,5,-60,4,0,6,94,0.02482083841555048,100
278,0,2,6,-60,4,0,4,96,0.024696734223472728,100
279,0,6,9,-80,2,0,3,97,0.024573250552355364,100
280,0,9,9,-10,9,0,1,99,0.024450384299593588,100
281,0,8,4,-50,5,0,5,95,0.02432813237809562,100
282,0,3,4,-60,4,0,2,98,0.02420649171620514,100
283,0,4,0,-40,6,0,3,97,0.024085459257624113,100
284,0,1,9,-70,3,0,0,100,0.02396503196133599,100
285,0,8,2,-70,3,0,0,100,0.023845206801529312,100
286,0,4,4,-60,4,0,1,99,0.023725980767521665,100
287,0,9,4,10,11,0,3,97,0.023607350863684057,100
288,0,1,0,-80,2,0,5,95,0.02348931410936564,100
289,0,2,3,-20,8,0,2,98,0.02337186753881881,100
290,0,6,1,-10,9,0,2,98,0.023255008201124715,100
291,0,6,4,-60,4,0,4,96,0.02313873316011909,100
292,0,3,1,-50,5,0,2,98,0.023023039494318494,100
293,0,0,5,-50,5,0,3,97,0.0229079242968469,100
294,0,4,3,-100,0,0,2,98,0.022793384675362665,100
295,0,4,9,-70,3,0,0,100,0.022679417751985852,100
296,0,8,1,-30,7,0,2,98,0.022566020663225925,100
297,0,1,2,-30,7,0,5,95,0.022453190559909793,100
298,0,4,3,-40,6,0,3,97,0.022340924607110246,100
299,0,1,2,40,14,0,2,98,0.022229219984074695,100
300,0,3,7,-50,5,0,2,98,0.02211807388415432,100
301,0,3,5,-80,2,0,2,98,0.02200748351473355,100
302,0,3,4,-60,4,0,4,96,0.021897446097159882,100
303,0,1,6,-60,4,0,0,100,0.021787958866674083,100
304,0,3,8,-70,3,0,0,100,0.021679019072340714,100
305,0,1,2,-60,4,0,2,98,0.02157062397697901,100
306,0,1,6,-70,3,0,1,99,0.021462770857094114,100
307,0,1,4,-80,2,0,3,97,0.021355457002808644,100
308,0,2,1,0,10,0,1,99,0.0212486797177946,100
309,0,7,7,-40,6,0,0,100,0.021142436319205628,100
310,0,7,3,-60,4,0,1,99,0.0210367241376096,100
311,0,8,8,-40,6,0,0,100,0.020931540516921553,100
312,0,2,1,-50,5,0,3,97,0.020826882814336947,100
313,0,7,7,-30,7,0,2,98,0.02072274840026526,100
314,0,5,1,-60,4,0,1,99,0.020619134658263934,100
315,0,0,1,-60,4,0,0,100,0.020516038984972614,100
316,0,4,3,-60,4,0,2,98,0.020413458790047752,100
317,0,0,6,-70,3,0,3,97,0.020311391496097512,100
318,0,4,8,-80,2,0,3,97,0.020209834538617025,100
319,0,6,4,-50,5,0,1,99,0.02010878536592394,100
320,0,4,3,-30,7,0,0,100,0.020008241439094323,100
321,0,2,4,-40,6,0,3,97,0.01990820023189885,100
322,0,7,2,-40,6,0,2,98,0.019808659230739357,100
323,0,5,3,0,10,0,1,99,0.019709615934585662,100
324,0,9,8,-60,4,0,3,97,0.019611067854912734,100
325,0,6,1,-50,5,0,2,98,0.01951301251563817,100
326,0,0,1,-40,6,0,2,98,0.01941544745305998,100
327,0,0,8,-40,6,0,1,99,0.019318370215794682,100
328,0,4,0,-10,9,0,1,99,0.019221778364715707,100
329,0,2,3,-80,2,0,2,98,0.01912566947289213,100
330,0,3,1,-40,6,0,1,99,0.01903004112552767,100
331,0,5,1,-70,3,0,2,98,0.01893489091990003,100
332,0,8,7,-90,1,0,0,100,0.01884021646530053,100
333,0,3,1,-50,5,0,1,99,0.01874601538297403,100
334,0,8,5,-60,4,0,2,98,0.01865228530605916,100
335,0,1,0,-10,9,0,1,99,0.018559023879528864,100
336,0,9,3,-60,4,0,3,97,0.01846622876013122,100
337,0,3,6,-80,2,0,3,97,0.018373897616330563,100
338,0,7,8,-50,5,0,4,96,0.01828202812824891,100
339,0,5,1,-60,4,0,2,98,0.018190617987607665,100
340,0,8,9,-60,4,0,1,99,0.018099664897669628,100
341,0,8,3,-20,8,0,2,98,0.01800916657318128,100
342,0,9,3,-50,5,0,0,100,0.017919120740315375,100
343,0,4,4,-60,4,0,0,100,0.0178295251366138,100
344,0,1,9,-50,5,0,2,98,0.01774037751093073,100
345,0,4,3,-70,3,0,2,98,0.017651675623376075,100
346,0,5,6,-60,4,0,4,96,0.017563417245259196,100
347,0,1,7,-30,7,0,4,96,0.0174756001590329,100
348,0,8,6,-70,3,0,0,100,0.017388222158237734,100
349,0,9,6,-50,5,0,4,96,0.017301281047446545,100
350,0,9,2,-60,4,0,2,98,0.017214774642209312,100
351,0,4,5,-70,3,0,1,99,0.017128700768998265,100
352,0,3,3,-60,4,0,1,99,0.017043057265153275,100
353,0,5,1,-80,2,0,1,99,0.01695784197882751,100
354,0,6,9,-10,9,0,0,100,0.01687305276893337,100
355,0,9,4,-70,3,0,2,98,0.016788687505088704,100
356,0,8,2,-70,3,0,0,100,0.01670474406756326,100
357,0,1,3,-70,3,0,0,100,0.016621220347225445,100
358,0,7,2,-70,3,0,1,99,0.01653811424548932,100
359,0,6,5,-60,4,0,5,95,0.016455423674261872,100
360,0,1,5,-60,4,0,2,98,0.016373146555890564,100
361,0,5,7,-40,6,0,0,100,0.016291280823111112,100
362,0,1,4,-60,4,0,1,99,0.016209824418995558,100
363,0,9,4,-50,5,0,1,99,0.016128775296900582,100
364,0,6,4,-60,4,0,1,99,0.01604813142041608,100
365,0,3,2,-80,2,0,0,100,0.015967890763314,100
366,0,5,1,-60,4,0,1,99,0.01588805130949743,100
367,0,1,1,-60,4,0,1,99,0.015808611052949943,100
368,0,4,5,-50,5,0,0,100,0.015729567997685195,100
369,0,5,0,-50,5,0,3,97,0.015650920157696768,100
370,0,2,4,-30,7,0,1,99,0.015572665556908283,100
371,0,5,7,-20,8,0,3,97,0.015494802229123741,100
372,0,9,2,-70,3,0,3,97,0.015417328217978123,100
373,0,2,9,-70,3,0,1,99,0.015340241576888233,100
374,0,6,0,-50,5,0,1,99,0.015263540369003792,100
375,0,7,0,-70,3,0,1,99,0.015187222667158773,100
376,0,7,8,-80,2,0,1,99,0.015111286553822979,100
377,0,7,3,-10,9,0,0,100,0.015035730121053864,100
378,0,7,9,-90,1,0,0,100,0.014960551470448594,100
379,0,8,6,-10,9,0,6,94,0.014885748713096352,100
380,0,8,5,-90,1,0,4,96,0.01481131996953087,100
381,0,4,0,-80,2,0,1,99,0.014737263369683217,100
382,0,5,4,-60,4,0,0,100,0.014663577052834801,100
383,0,7,5,-40,6,0,2,98,0.014590259167570627,100
384,0,7,2,-30,7,0,4,96,0.014517307871732775,100
385,0,4,1,-80,2,0,4,96,0.014444721332374112,100
386,0,9,5,-80,2,0,1,99,0.014372497725712242,100
387,0,8,2,-50,5,0,2,98,0.01430063523708368,100
388,0,2,2,-60,4,0,1,99,0.01422913206089826,100
389,0,4,5,-60,4,0,2,98,0.014157986400593769,100
390,0,4,5,-80,2,0,2,98,0.0140871964685908,100
391,0,0,6,-50,5,0,3,97,0.014016760486247845,100
392,0,5,8,-60,4,0,0,100,0.013946676683816606,100
393,0,5,1,-70,3,0,1,99,0.013876943300397522,100
394,0,8,5,-30,7,0,1,99,0.013807558583895534,100
395,0,1,8,-50,5,0,0,100,0.013738520790976056,100
396,0,8,4,0,10,0,0,100,0.013669828187021177,100
397,0,7,6,-80,2,0,1,99,0.01360147904608607,100
398,0,8,3,-40,6,0,2,98,0.01353347165085564,100
399,0,0,6,-40,6,0,1,99,0.013465804292601361,100
400,0,6,4,-90,1,0,2,98,0.013398475271138355,100
401,0,1,6,-70,3,0,0,100,0.013331482894782663,100
402,0,7,1,-60,4,0,1,99,0.01326482548030875,100
403,0,6,3,-60,4,0,2,98,0.013198501352907207,100
404,0,1,3,-70,3,0,3,97,0.013132508846142671,100
405,0,5,2,-50,5,0,3,97,0.013066846301911957,100
406,0,8,8,-40,6,0,4,96,0.013001512070402397,100
407,0,2,0,-40,6,0,0,100,0.012936504510050385,100
408,0,1,9,-60,4,0,1,99,0.012871821987500134,100
409,0,0,5,-80,2,0,0,100,0.012807462877562634,100
410,0,6,3,-30,7,0,1,99,0.01274342556317482,100
411,0,7,5,-70,3,0,3,97,0.012679708435358946,100
412,0,7,2,-60,4,0,1,99,0.012616309893182152,100
413,0,8,1,-50,5,0,1,99,0.01255322834371624,100
414,0,8,2,-90,1,0,0,100,0.012490462201997659,100
415,0,4,9,-50,5,0,1,99,0.012428009890987671,100
416,0,5,7,-10,9,0,4,96,0.012365869841532732,100
417,0,2,4,-60,4,0,2,98,0.012304040492325068,100
418,0,0,3,-80,2,0,1,99,0.012242520289863442,100
419,0,6,2,-70,3,0,2,98,0.012181307688414125,100
420,0,9,1,-80,2,0,2,98,0.012120401149972055,100
421,0,8,3,-10,9,0,1,99,0.012059799144222194,100
422,0,6,5,-40,6,0,2,98,0.011999500148501083,100
423,0,8,3,-70,3,0,0,100,0.011939502647758577,100
424,0,7,4,0,10,0,2,98,0.011879805134519784,100
425,0,9,1,-70,3,0,1,99,0.011820406108847185,100
426,0,1,6,-80,2,0,2,98,0.01176130407830295,100
427,0,6,2,-70,3,0,4,96,0.011702497557911435,100
428,0,4,7,-50,5,0,1,99,0.011643985070121878,100
429,0,7,9,-60,4,0,2,98,0.01158576514477127,100
430,0,6,3,-50,5,0,3,97,0.011527836319047413,100
431,0,1,4,-30,7,0,0,100,0.011470197137452176,100
432,0,8,7,-60,4,0,1,99,0.011412846151764916,100
433,0,7,9,-70,3,0,0,100,0.011355781921006091,100
434,0,8,1,-70,3,0,2,98,0.01129900301140106,100
435,0,7,5,-70,3,0,1,99,0.011242507996344055,100
436,0,9,7,-60,4,0,1,99,0.011186295456362334,100
437,0,0,5,-40,6,0,1,99,0.011130363979080522,100
438,0,3,4,-60,4,0,0,100,0.01107471215918512,100
439,0,1,4,-80,2,0,1,99,0.011019338598389194,100
440,0,1,6,-60,4,0,0,100,0.010964241905397248,100
441,0,9,2,-60,4,0,2,98,0.010909420695870262,100
442,0,3,6,-60,4,0,1,99,0.01085487359239091,100
443,0,5,0,-40,6,0,0,100,0.010800599224428956,100
444,0,8,1,-80,2,0,1,99,0.010746596228306812,100
445,0,3,6,-70,3,0,0,100,0.010692863247165278,100
446,0,2,4,-50,5,0,0,100,0.010639398930929451,100
447,0,0,9,-70,3,0,1,99,0.010586201936274804,100
448,0,3,6,-60,4,0,1,99,0.01053327092659343,100
449,0,2,0,-70,3,0,2,98,0.010480604571960463,100
450,0,6,8,-40,6,0,2,98,0.01042820154910066,100
451,0,2,7,-20,8,0,3,97,0.010376060541355158,100
452,0,1,4,-60,4,0,2,98,0.010324180238648383,100
453,0,8,6,-70,3,0,1,99,0.01027255933745514,100
454,0,7,7,-20,8,0,0,100,0.010221196540767865,100
455,0,2,5,-40,6,0,0,100,0.010170090558064025,100
456,0,2,7,-80,2,0,0,100,0.010119240105273705,100
457,0,2,8,-70,3,0,1,99,0.010068643904747336,100
458,0,0,3,-60,4,0,0,100,0.0100183006852236,100
459,0,1,3,-60,4,0,1,99,0.01,100
460,0,7,8,-70,3,0,0,100,0.01,100
461,0,2,8,-90,1,0,0,100,0.01,100
462,0,3,5,-70,3,0,0,100,0.01,100
463,0,4,8,-90,1,0,1,99,0.01,100
464,0,6,5,-80,2,0,1,99,0.01,100
465,0,0,9,-80,2,0,1,99,0.01,100
466,0,2,8,-60,4,0,0,100,0.01,100
467,0,7,8,-20,8,0,2,98,0.01,100
468,0,4,9,-40,6,0,0,100,0.01,100
469,0,6,4,-70,3,0,3,97,0.01,100
470,0,9,8,-60,4,0,2,98,0.01,100
471,0,3,5,-50,5,0,3,97,0.01,100
472,0,3,5,-60,4,0,0,100,0.01,100
473,0,8,7,-70,3,0,1,99,0.01,100
474,0,9,2,-60,4,0,2,98,0.01,100
475,0,2,7,-50,5,0,3,97,0.01,100
476,0,0,8,-60,4,0,2,98,0.01,100
477,0,8,9,-30,7,0,2,98,0.01,100
478,0,4,4,-20,8,0,1,99,0.01,100
479,0,1,4,-40,6,0,0,100,0.01,100
480,0,5,2,-60,4,0,1,99,0.01,100
481,0,3,6,-80,2,0,3,97,0.01,100
482,0,7,2,-60,4,0,0,100,0.01,100
483,0,7,3,-80,2,0,0,100,0.01,100
484,0,2,9,-30,7,0,2,98,0.01,100
485,0,8,6,-40,6,0,0,100,0.01,100
486,0,9,6,-80,2,0,1,99,0.01,100
487,0,0,7,-80,2,0,1,99,0.01,100
488,0,3,2,-70,3,0,3,97,0.01,100
489,0,4,1,-10,9,0,0,100,0.01,100
490,0,0,5,-40,6,0,0,100,0.01,100
491,0,1,4,-80,2,0,2,98,0.01,100
492,0,4,1,-40,6,0,2,98,0.01,100
493,0,1,9,-30,7,0,1,99,0.01,100
494,0,3,7,-50,5,0,3,97,0.01,100
495,0,0,7,-40,6,0,0,100,0.01,100
496,0,2,6,-70,3,0,1,99,0.01,100
497,0,6,2,-60,4,0,2,98,0.01,100
498,0,2,6,-60,4,0,0,100,0.01,100
499,0,3,6,-40,6,0,1,99,0.01,100
500,0,3,5,-80,2,0,0,100,0.01,100
501,0,2,7,-50,5,0,1,99,0.01,100
502,0,6,9,-60,4,0,0,100,0.01,100
503,0,4,9,-40,6,0,2,98,0.01,100
504,0,4,6,-70,3,0,3,97,0.01,100
505,0,9,9,0,10,0,2,98,0.01,100
506,0,6,6,-60,4,0,3,97,0.01,100
507,0,3,7,-60,4,0,2,98,0.01,100
508,0,7,7,-70,3,0,1,99,0.01,100
509,0,9,6,-50,5,0,0,100,0.01,100
510,0,2,6,-60,4,0,2,98,0.01,100
511,0,4,8,-60,4,0,0,100,0.01,100
512,0,3,7,-20,8,0,1,99,0.01,100
513,0,9,1,-90,1,0,1,99,0.01,100
514,0,9,5,-30,7,0,4,96,0.01,100
515,0,4,8,-80,2,0,1,99,0.01,100
516,0,2,6,-70,3,0,0,100,0.01,100
517,0,2,9,-70,3,0,2,98,0.01,100
518,0,7,8,-50,5,0,0,100,0.01,100
519,0,7,6,-70,3,0,1,99,0.01,100
520,0,9,7,-80,2,0,0,100,0.01,100
521,0,5,7,-40,6,0,1,99,0.01,100
522,0,4,7,-40,6,0,1,99,0.01,100
523,0,6,7,-60,4,0,2,98,0.01,100
524,0,6,9,-50,5,0,1,99,0.01,100
525,0,4,5,-40,6,0,1,99,0.01,100
526,0,0,1,-60,4,0,2,98,0.01,100
527,0,2,7,-70,3,0,2,98,0.01,100
528,0,2,6,-20,8,0,1,99,0.01,100
529,0,3,7,-70,3,0,1,99,0.01,100
530,0,4,5,-30,7,0,2,98,0.01,100
531,0,5,5,-50,5,0,0,100,0.01,100
532,0,2,3,-60,4,0,1,99,0.01,100
533,0,3,8,-40,6,0,1,99,0.01,100
534,0,4,9,-80,2,0,1,99,0.01,100
535,0,2,0,-70,3,0,2,98,0.01,100
536,0,6,5,-60,4,0,2,98,0.01,100
537,0,7,6,-70,3,0,0,100,0.01,100
538,0,4,9,-50,5,0,0,100,0.01,100
539,0,7,4,-60,4,0,1,99,0.01,100
540,0,5,4,-30,7,0,0,100,0.01,100
541,0,9,9,-80,2,0,1,99,0.01,100
542,0,5,9,-50,5,0,0,100,0.01,100
543,0,5,4,-30,7,0,0,100,0.01,100
544,0,4,7,-50,5,0,0,100,0.01,100
545,0,5,3,-80,2,0,0,100,0.01,100
546,0,6,8,-10,9,0,0,100,0.01,100
547,0,3,0,-40,6,0,2,98,0.01,100
548,0,6,2,-90,1,0,1,99,0.01,100
549,0,3,4,-50,5,0,0,100,0.01,100
550,0,2,1,-60,4,0,3,97,0.01,100
551,0,8,6,-50,5,0,2,98,0.01,100
552,0,7,7,-70,3,0,0,100,0.01,100
553,0,4,7,-90,1,0,2,98,0.01,100
554,0,2,0,-80,2,0,2,98,0.01,100
555,0,2,0,-30,7,0,1,99,0.01,100
556,0,0,4,-70,3,0,1,99,0.01,100
557,0,2,1,-60,4,0,0,100,0.01,100
558,0,2,9,-90,1,0,2,98,0.01,100
559,0,4,7,-90,1,0,1,99,0.01,100
560,0,5,0,-30,7,0,1,99,0.01,100
561,0,9,9,-40,6,0,0,100,0.01,100
562,0,6,0,-20,8,0,0,100,0.01,100
563,0,7,8,-50,5,0,0,100,0.01,100
564,0,4,3,-50,5,0,1,99,0.01,100
565,0,1,4,-60,4,0,1,99,0.01,100
566,0,4,4,-60,4,0,0,100,0.01,100
567,0,9,6,-40,6,0,1,99,0.01,100
568,0,4,4,-70,3,0,1,99,0.01,100
569,0,4,3,-40,6,0,3,97,0.01,100
570,0,9,7,-50,5,0,1,99,0.01,100
571,0,7,8,-60,4,0,0,100,0.01,100
572,0,1,5,-60,4,0,2,98,0.01,100
573,0,5,3,-20,8,0,0,100,0.01,100
574,0,0,7,-100,0,0,2,98,0.01,100
575,0,0,7,-50,5,0,1,99,0.01,100
576,0,8,6,-90,1,0,0,100,0.01,100
577,0,0,6,-30,7,0,1,99,0.01,100
578,0,3,2,-40,6,0,0,100,0.01,100
579,0,4,4,-40,6,0,2,98,0.01,100
580,0,8,3,-80,2,0,1,99,0.01,100
581,0,1,5,-80,2,0,1,99,0.01,100
582,0,3,2,-50,5,0,0,100,0.01,100
583,0,8,6,-60,4,0,2,98,0.01,100
584,0,5,0,-30,7,0,0,100,0.01,100
585,0,9,5,-80,2,0,1,99,0.01,100
586,0,6,3,-80,2,0,0,100,0.01,100
587,0,7,0,-20,8,0,1,99,0.01,100
588,0,2,3,-80,2,0,1,99,0.01,100
589,0,7,6,-90,1,0,0,100,0.01,100
590,0,8,2,-60,4,0,1,99,0.01,100
591,0,7,6,-70,3,0,0,100,0.01,100
592,0,8,2,-40,6,0,1,99,0.01,100
593,0,8,5,-60,4,0,1,99,0.01,100
594,0,9,1,-40,6,0,0,100,0.01,100
595,0,4,6,-80,2,0,1,99,0.01,100
596,0,4,6,-30,7,0,4,96,0.01,100
597,0,4,1,-70,3,0,1,99,0.01,100
598,0,7,3,-20,8,0,2,98,0.01,100
599,0,7,1,-80,2,0,1,99,0.01,100
600,0,5,7,-50,5,0,2,98,0.01,100
601,0,5,8,-10,9,0,2,98,0.01,100
602,0,3,0,-60,4,0,1,99,0.01,100
603,0,7,4,-70,3,0,0,100,0.01,100
604,0,7,9,-40,6,0,0,100,0.01,100
605,0,4,9,-90,1,0,0,100,0.01,100
606,0,4,3,-80,2,0,2,98,0.01,100
607,0,4,1,-60,4,0,0,100,0.01,100
608,0,1,8,-70,3,0,0,100,0.01,100
609,0,1,8,-20,8,0,0,100,0.01,100
610,0,4,2,-70,3,0,1,99,0.01,100
611,0,4,0,-30,7,0,3,97,0.01,100
612,0,7,1,-80,2,0,2,98,0.01,100
613,0,4,0,-60,4,0,1,99,0.01,100
614,0,4,4,-90,1,0,1,99,0.01,100
615,0,2,3,-40,6,0,0,100,0.01,100
616,0,7,4,-60,4,0,0,100,0.01,100
617,0,4,4,-50,5,0,0,100,0.01,100
618,0,7,0,-40,6,0,0,100,0.01,100
619,0,2,5,-50,5,0,2,98,0.01,100
620,0,2,7,-40,6,0,0,100,0.01,100
621,0,2,8,0,10,0,1,99,0.01,100
622,0,5,9,-50,5,0,3,97,0.01,100
623,0,1,3,-60,4,0,2,98,0.01,100
624,0,2,8,-70,3,0,3,97,0.01,100
625,0,8,6,-80,2,0,1,99,0.01,100
626,0,0,4,-50,5,0,0,100,0.01,100
627,0,5,6,-70,3,0,0,100,0.01,100
628,0,1,6,0,10,0,0,100,0.01,100
629,0,2,6,-60,4,0,0,100,0.01,100
630,0,8,6,-50,5,0,1,99,0.01,100
631,0,2,5,-30,7,0,3,97,0.01,100
632,0,2,6,-80,2,0,1,99,0.01,100
633,0,2,4,-80,2,0,0,100,0.01,100
634,0,6,7,-60,4,0,1,99,0.01,100
635,0,0,6,-40,6,0,2,98,0.01,100
636,0,7,4,-20,8,0,0,100,0.01,100
637,0,6,5,-70,3,0,0,100,0.01,100
638,0,3,6,-50,5,0,3,97,0.01,100
639,0,0,6,-70,3,0,3,97,0.01,100
640,0,2,4,-90,1,0,1,99,0.01,100
641,0,6,0,-80,2,0,1,99,0.01,100
642,0,3,2,-90,1,0,1,99,0.01,100
643,0,7,9,-90,1,0,0,100,0.01,100
644,0,9,4,-80,2,0,1,99,0.01,100
645,0,2,2,-50,5,0,2,98,0.01,100
646,0,2,3,-70,3,0,0,100,0.01,100
647,0,2,6,-40,6,0,2,98,0.01,100
648,0,2,6,-30,7,0,1,99,0.01,100
649,0,7,1,-80,2,0,1,99,0.01,100
650,0,3,4,-60,4,0,1,99,0.01,100
651,0,0,6,-30,7,0,0,100,0.01,100
652,0,7,6,-60,4,0,2,98,0.01,100
653,0,7,4,-50,5,0,0,100,0.01,100
654,0,2,1,-60,4,0,0,100,0.01,100
655,0,7,5,-90,1,0,0,100,0.01,100
656,0,5,9,-30,7,0,1,99,0.01,100
657,0,5,3,-70,3,0,1,99,0.01,100
658,0,1,3,-10,9,0,0,100,0.01,100
659,0,4,3,-50,5,0,1,99,0.01,100
660,0,5,2,-40,6,0,0,100,0.01,100
661,0,2,4,-60,4,0,1,99,0.01,100
662,0,1,7,0,10,0,0,100,0.01,100
663,0,2,1,-20,8,0,1,99,0.01,100
664,0,8,4,-80,2,0,1,99,0.01,100
665,0,4,7,-60,4,0,2,98,0.01,100
666,0,7,8,-60,4,0,1,99,0.01,100
667,0,1,9,-70,3,0,3,97,0.01,100
668,0,8,3,-30,7,0,0,100,0.01,100
669,0,9,6,-90,1,0,2,98,0.01,100
670,0,4,7,-30,7,0,2,98,0.01,100
671,0,7,9,-30,7,0,0,100,0.01,100
672,0,3,5,-70,3,0,0,100,0.01,100
673,0,7,8,-60,4,0,1,99,0.01,100
674,0,7,6,-40,6,0,1,99,0.01,100
675,0,7,6,-40,6,0,2,98,0.01,100
676,0,2,7,-60,4,0,1,99,0.01,100
677,0,5,7,-70,3,0,0,100,0.01,100
678,0,8,6,-70,3,0,0,100,0.01,100
679,0,2,5,-50,5,0,1,99,0.01,100
680,0,1,7,-50,5,0,0,100,0.01,100
681,0,3,9,-50,5,0,2,98,0.01,100
682,0,1,1,-50,5,0,2,98,0.01,100
683,0,1,5,-50,5,0,2,98,0.01,100
684,0,6,6,-50,5,0,1,99,0.01,100
685,0,2,9,-70,3,0,1,99,0.01,100
686,0,8,5,-60,4,0,1,99,0.01,100
687,0,2,4,-70,3,0,1,99,0.01,100
688,0,5,2,-80,2,0,1,99,0.01,100
689,0,8,2,-40,6,0,1,99,0.01,100
690,0,3,2,-40,6,0,1,99,0.01,100
691,0,2,6,-50,5,0,0,100,0.01,100
692,0,4,7,-80,2,0,3,97,0.01,100
693,0,6,6,-80,2,0,4,96,0.01,100
694,0,2,6,-80,2,0,1,99,0.01,100
695,0,5,7,-70,3,0,1,99,0.01,100
696,0,3,3,-30,7,0,2,98,0.01,100
697,0,5,7,-70,3,0,1,99,0.01,100
698,0,1,2,-70,3,0,0,100,0.01,100
699,0,2,1,-30,7,0,2,98,0.01,100
700,0,2,3,-60,4,0,1,99,0.01,100
701,0,3,3,-90,1,0,0,100,0.01,100
702,0,7,7,-40,6,0,1,99,0.01,100
703,0,4,2,-100,0,0,1,99,0.01,100
704,0,2,7,-40,6,0,3,97,0.01,100
705,0,6,7,-50,5,0,0,100,0.01,100
706,0,7,0,-80,2,0,1,99,0.01,100
707,0,4,9,-70,3,0,1,99,0.01,100
708,0,6,1,-30,7,0,1,99,0.01,100
709,0,4,9,-40,6,0,1,99,0.01,100
710,0,2,7,-50,5,0,1,99,0.01,100
711,0,4,9,-50,5,0,1,99,0.01,100
712,0,7,8,-50,5,0,1,99,0.01,100
713,0,6,8,-50,5,0,2,98,0.01,100
714,0,5,7,-70,3,0,3,97,0.01,100
715,0,7,5,-60,4,0,1,99,0.01,100
716,0,3,7,-70,3,0,0,100,0.01,100
717,0,3,8,-80,2,0,3,97,0.01,100
718,0,7,5,-50,5,0,1,99,0.01,100
719,0,9,6,-40,6,0,0,100,0.01,100
720,0,6,6,-50,5,0,1,99,0.01,100
721,0,6,4,-60,4,0,3,97,0.01,100
722,0,6,6,-90,1,0,0,100,0.01,100
723,0,8,1,-70,3,0,1,99,0.01,100
724,0,9,1,-80,2,0,2,98,0.01,100
725,0,0,9,-10,9,0,2,98,0.01,100
726,0,6,8,-70,3,0,3,97,0.01,100
727,0,7,4,-50,5,0,0,100,0.01,100
728,0,2,2,-70,3,0,0,100,0.01,100
729,0,9,6,-10,9,0,1,99,0.01,100
730,0,1,6,-90,1,0,3,97,0.01,100
731,0,2,6,-40,6,0,1,99,0.01,100
732,0,9,5,-70,3,0,0,100,0.01,100
733,0,8,0,-50,5,0,0,100,0.01,100
734,0,8,9,-20,8,0,0,100,0.01,100
735,0,5,9,-70,3,0,0,100,0.01,100
736,0,9,7,-80,2,0,1,99,0.01,100
737,0,0,1,-90,1,0,0,100,0.01,100
738,0,4,7,-50,5,0,0,100,0.01,100
739,0,7,6,-60,4,0,0,100,0.01,100
740,0,9,7,-50,5,0,1,99,0.01,100
741,0,6,8,-60,4,0,1,99,0.01,100
742,0,0,8,-60,4,0,1,99,0.01,100
743,0,6,8,-60,4,0,2,98,0.01,100
744,0,6,8,-70,3,0,1,99,0.01,100
745,0,5,6,-50,5,0,0,100,0.01,100
746,0,7,4,-50,5,0,0,100,0.01,100
747,0,5,1,-50,5,0,1,99,0.01,100
748,0,6,5,-30,7,0,1,99,0.01,100
749,0,6,4,-50,5,0,0,100,0.01,100
750,0,3,7,-70,3,0,2,98,0.01,100
751,0,3,6,-70,3,0,0,100,0.01,100
752,0,3,7,-40,6,0,0,100,0.01,100
753,0,4,5,-40,6,0,0,100,0.01,100
754,0,5,8,-40,6,0,1,99,0.01,100
755,0,5,3,-80,2,0,2,98,0.01,100
756,0,9,3,-80,2,0,0,100,0.01,100
757,0,5,1,-60,4,0,0,100,0.01,100
758,0,4,6,-10,9,0,0,100,0.01,100
759,0,3,4,-40,6,0,1,99,0.01,100
760,0,2,4,-60,4,0,0,100,0.01,100
761,0,3,8,-70,3,0,1,99,0.01,100
762,0,1,5,-50,5,0,0,100,0.01,100
763,0,5,6,-30,7,0,2,98,0.01,100
764,0,8,3,-30,7,0,2,98,0.01,100
765,0,3,2,-60,4,0,0,100,0.01,100
766,0,7,9,-60,4,0,2,98,0.01,100
767,0,2,1,-70,3,0,0,100,0.01,100
768,0,7,6,-70,3,0,0,100,0.01,100
769,0,7,1,-60,4,0,3,97,0.01,100
770,0,6,1,-10,9,0,0,100,0.01,100
771,0,1,7,-70,3,0,1,99,0.01,100
772,0,9,3,-60,4,0,0,100,0.01,100
773,0,7,1,10,11,0,1,99,0.01,100
774,0,0,3,-50,5,0,3,97,0.01,100
775,0,6,2,-30,7,0,3,97,0.01,100
776,0,2,8,-70,3,0,0,100,0.01,100
777,0,2,8,-90,1,0,0,100,0.01,100
778,0,6,4,-70,3,0,1,99,0.01,100
779,0,5,4,-60,4,0,0,100,0.01,100
780,0,5,7,-60,4,0,2,98,0.01,100
781,0,5,3,-50,5,0,1,99,0.01,100
782,0,7,9,-40,6,0,2,98,0.01,100
783,0,3,2,-70,3,0,0,100,0.01,100
784,0,6,1,-80,2,0,0,100,0.01,100
785,0,8,6,-90,1,0,0,100,0.01,100
786,0,7,1,-60,4,0,1,99,0.01,100
787,0,5,1,-20,8,0,1,99,0.01,100
788,0,7,1,-70,3,0,1,99,0.01,100
789,0,5,4,-50,5,0,3,97,0.01,100
790,0,3,2,-50,5,0,2,98,0.01,100
791,0,5,6,-70,3,0,1,99,0.01,100
792,0,7,9,-70,3,0,2,98,0.01,100
793,0,1,2,-70,3,0,1,99,0.01,100
794,0,8,7,-80,2,0,1,99,0.01,100
795,0,7,0,-60,4,0,0,100,0.01,100
796,0,4,8,-80,2,0,1,99,0.01,100
797,0,3,5,-70,3,0,0,100,0.01,100
798,0,9,2,-90,1,0,1,99,0.01,100
799,0,3,0,-50,5,0,1,99,0.01,100
800,0,3,0,-50,5,0,1,99,0.01,100
801,0,4,0,-60,4,0,0,100,0.01,100
802,0,7,3,-50,5,0,2,98,0.01,100
803,0,7,4,-60,4,0,0,100,0.01,100
804,0,9,3,-50,5,0,1,99,0.01,100
805,0,4,7,-50,5,0,2,98,0.01,100
806,0,0,2,-90,1,0,1,99,0.01,100
807,0,3,6,-60,4,0,0,100,0.01,100
808,0,3,6,-70,3,0,0,100,0.01,100
809,0,7,3,-100,0,0,0,100,0.01,100
810,0,7,5,-30,7,0,1,99,0.01,100
811,0,9,3,-80,2,0,0,100,0.01,100
812,0,1,6,-80,2,0,1,99,0.01,100
813,0,9,0,-80,2,0,0,100,0.01,100
814,0,5,2,-80,2,0,1,99,0.01,100
815,0,8,1,-30,7,0,0,100,0.01,100
816,0,3,8,-80,2,0,0,100,0.01,100
817,0,7,5,-70,3,0,1,99,0.01,100
818,0,7,5,-60,4,0,1,99,0.01,100
819,0,3,3,-80,2,0,1,99,0.01,100
820,0,7,5,-50,5,0,1,99,0.01,100
821,0,7,3,-50,5,0,2,98,0.01,100
822,0,1,2,-40,6,0,1,99,0.01,100
823,0,9,2,-50,5,0,2,98,0.01,100
824,0,4,1,-80,2,0,0,100,0.01,100
825,0,6,8,-70,3,0,1,99,0.01,100
826,0,7,1,-10,9,0,1,99,0.01,100
827,0,4,2,-50,5,0,2,98,0.01,100
828,0,8,0,-30,7,0,1,99,0.01,100
829,0,8,0,-60,4,0,0,100,0.01,100
830,0,8,5,-60,4,0,0,100,0.01,100
831,0,6,2,-60,4,0,0,100,0.01,100
832,0,6,5,-60,4,0,1,99,0.01,100
833,0,4,6,-90,1,0,0,100,0.01,100
834,0,6,3,-20,8,0,1,99,0.01,100
835,0,5,6,-70,3,0,1,99,0.01,100
836,0,1,3,-90,1,0,0,100,0.01,100
837,0,8,3,-90,1,0,1,99,0.01,100
838,0,2,0,-50,5,0,1,99,0.01,100
839,0,6,1,-60,4,0,0,100,0.01,100
840,0,8,7,-60,4,0,0,100,0.01,100
841,0,4,2,-50,5,0,3,97,0.01,100
842,0,6,0,-60,4,0,0,100,0.01,100
843,0,9,5,-30,7,0,0,100,0.01,100
844,0,7,4,-50,5,0,2,98,0.01,100
845,0,4,2,-20,8,0,0,100,0.01,100
846,0,6,4,-60,4,0,0,100,0.01,100
847,0,6,2,-70,3,0,0,100,0.01,100
848,0,9,7,-60,4,0,1,99,0.01,100
849,0,7,5,-60,4,0,0,100,0.01,100
850,0,7,6,-20,8,0,1,99,0.01,100
851,0,4,3,-80,2,0,2,98,0.01,100
852,0,5,5,-70,3,0,0,100,0.01,100
853,0,0,9,-40,6,0,0,100,0.01,100
854,0,9,7,-10,9,0,3,97,0.01,100
855,0,8,6,-50,5,0,1,99,0.01,100
856,0,4,3,-40,6,0,0,100,0.01,100
857,0,7,6,-70,3,0,2,98,0.01,100
858,0,3,4,-40,6,0,0,100,0.01,100
859,0,1,0,-60,4,0,2,98,0.01,100
860,0,9,5,-60,4,0,1,99,0.01,100
861,0,3,8,-40,6,0,0,100,0.01,100
862,0,4,5,-40,6,0,0,100,0.01,100
863,0,2,5,-20,8,0,1,99,0.01,100
864,0,6,3,-40,6,0,1,99,0.01,100
865,0,5,4,-90,1,0,1,99,0.01,100
866,0,6,4,-60,4,0,1,99,0.01,100
867,0,4,9,-40,6,0,2,98,0.01,100
868,0,4,9,-50,5,0,0,100,0.01,100
869,0,8,2,-80,2,0,1,99,0.01,100
870,0,3,8,-60,4,0,2,98,0.01,100
871,0,0,8,-60,4,0,1,99,0.01,100
872,0,2,6,-70,3,0,0,100,0.01,100
873,0,2,3,-60,4,0,0,100,0.01,100
874,0,2,7,-50,5,0,2,98,0.01,100
875,0,0,8,-70,3,0,1,99,0.01,100
876,0,0,4,-70,3,0,0,100,0.01,100
877,0,2,6,-50,5,0,1,99,0.01,100
878,0,2,0,-40,6,0,1,99,0.01,100
879,0,0,5,-90,1,0,1,99,0.01,100
880,0,0,7,-50,5,0,1,99,0.01,100
881,0,4,6,-60,4,0,0,100,0.01,100
882,0,4,5,-40,6,0,0,100,0.01,100
883,0,0,1,-30,7,0,1,99,0.01,100
884,0,8,4,-70,3,0,3,97,0.01,100
885,0,1,2,-60,4,0,0,100,0.01,100
886,0,2,9,-90,1,0,1,99,0.01,100
887,0,3,2,-50,5,0,1,99,0.01,100
888,0,6,8,-70,3,0,1,99,0.01,100
889,0,5,6,-70,3,0,1,99,0.01,100
890,0,2,4,-90,1,0,3,97,0.01,100
891,0,5,9,-90,1,0,2,98,0.01,100
892,0,3,3,0,10,0,0,100,0.01,100
893,0,6,0,-60,4,0,2,98,0.01,100
894,0,1,3,-60,4,0,0,100,0.01,100
895,0,0,5,-40,6,0,2,98,0.01,100
896,0,7,9,-70,3,0,0,100,0.01,100
897,0,8,3,-80,2,0,0,100,0.01,100
898,0,5,2,-70,3,0,1,99,0.01,100
899,0,9,7,-60,4,0,0,100,0.01,100
900,0,1,2,-60,4,0,0,100,0.01,100
901,0,5,1,-80,2,0,1,99,0.01,100
902,0,1,2,-30,7,0,0,100,0.01,100
903,0,5,3,-90,1,0,0,100,0.01,100
904,0,5,3,-40,6,0,3,97,0.01,100
905,0,5,2,-80,2,0,0,100,0.01,100
906,0,2,1,-30,7,0,0,100,0.01,100
907,0,2,2,-50,5,0,0,100,0.01,100
908,0,4,0,-60,4,0,0,100,0.01,100
909,0,2,3,-60,4,0,0,100,0.01,100
910,0,4,2,-60,4,0,0,100,0.01,100
911,0,5,2,-50,5,0,0,100,0.01,100
912,0,7,7,-60,4,0,1,99,0.01,100
913,0,3,6,-10,9,0,0,100,0.01,100
914,0,7,3,-50,5,0,1,99,0.01,100
915,0,2,8,-50,5,0,2,98,0.01,100
916,0,3,8,-40,6,0,0,100,0.01,100
917,0,3,7,-60,4,0,0,100,0.01,100
918,0,9,8,-90,1,0,0,100,0.01,100
919,0,4,1,-80,2,0,1,99,0.01,100
920,0,1,3,-100,0,0,0,100,0.01,100
921,0,3,2,-100,0,0,1,99,0.01,100
922,0,2,7,-50,5,0,0,100,0.01,100
923,0,8,8,-70,3,0,2,98,0.01,100
924,0,1,3,-80,2,0,1,99,0.01,100
925,0,6,8,-90,1,0,0,100,0.01,100
926,0,3,6,-80,2,0,0,100,0.01,100
927,0,1,3,-70,3,0,1,99,0.01,100
928,0,1,8,-60,4,0,2,98,0.01,100
929,0,2,5,-40,6,0,1,99,0.01,100
930,0,2,5,-70,3,0,0,100,0.01,100
931,0,5,2,-40,6,0,0,100,0.01,100
932,0,8,8,-40,6,0,0,100,0.01,100
933,0,4,4,-70,3,0,1,99,0.01,100
934,0,5,8,-70,3,0,1,99,0.01,100
935,0,8,5,-50,5,0,2,98,0.01,100
936,0,7,5,-70,3,0,3,97,0.01,100
937,0,3,1,-70,3,0,0,100,0.01,100
938,0,8,2,-70,3,0,1,99,0.01,100
939,0,5,3,-60,4,0,1,99,0.01,100
940,0,2,8,-70,3,0,0,100,0.01,100
941,0,6,9,-70,3,0,2,98,0.01,100
942,0,5,4,-60,4,0,0,100,0.01,100
943,0,0,6,-70,3,0,0,100,0.01,100
944,0,5,6,-40,6,0,1,99,0.01,100
945,0,3,4,-30,7,0,1,99,0.01,100
946,0,2,3,-50,5,0,0,100,0.01,100
947,0,3,8,-40,6,0,1,99,0.01,100
948,0,0,9,-70,3,0,0,100,0.01,100
949,0,1,8,-60,4,0,0,100,0.01,100
950,0,3,5,-90,1,0,0,100,0.01,100
951,0,5,1,-40,6,0,0,100,0.01,100
952,0,2,8,-30,7,0,1,99,0.01,100
953,0,1,9,-40,6,0,0,100,0.01,100
954,0,3,8,-70,3,0,1,99,0.01,100
955,0,4,1,-80,2,0,1,99,0.01,100
956,0,4,7,-50,5,0,1,99,0.01,100
957,0,5,7,-60,4,0,3,97,0.01,100
958,0,6,2,-70,3,0,1,99,0.01,100
959,0,3,8,-10,9,0,0,100,0.01,100
960,0,2,9,-60,4,0,3,97,0.01,100
961,0,0,8,-70,3,0,0,100,0.01,100
962,0,7,7,-60,4,0,1,99,0.01,100
963,0,0,7,-60,4,0,1,99,0.01,100
964,0,7,7,-70,3,0,3,97,0.01,100
965,0,6,6,-80,2,0,0,100,0.01,100
966,0,5,8,-80,2,0,0,100,0.01,100
967,0,1,6,-70,3,0,1,99,0.01,100
968,0,2,3,-90,1,0,1,99,0.01,100
969,0,4,5,-70,3,0,1,99,0.01,100
970,0,2,3,-60,4,0,1,99,0.01,100
971,0,7,4,-70,3,0,2,98,0.01,100
972,0,0,5,-40,6,0,2,98,0.01,100
973,0,6,3,-50,5,0,1,99,0.01,100
974,0,2,2,-60,4,0,0,100,0.01,100
975,0,2,8,-40,6,0,0,100,0.01,100
976,0,1,7,-50,5,0,1,99,0.01,100
977,0,5,7,-50,5,0,1,99,0.01,100
978,0,3,0,-70,3,0,1,99,0.01,100
979,0,8,8,-50,5,0,1,99,0.01,100
980,0,9,7,-50,5,0,1,99,0.01,100
981,0,5,2,-70,3,0,2,98,0.01,100
982,0,0,9,-60,4,0,1,99,0.01,100
983,0,4,4,-30,7,0,1,99,0.01,100
984,0,4,5,-70,3,0,0,100,0.01,100
985,0,6,1,-90,1,0,0,100,0.01,100
986,0,3,5,-20,8,0,1,99,0.01,100
987,0,4,8,-80,2,0,1,99,0.01,100
988,0,3,0,-50,5,0,0,100,0.01,100
989,0,4,9,-50,5,0,1,99,0.01,100
990,0,1,5,-40,6,0,0,100,0.01,100
991,0,5,7,-50,5,0,0,100,0.01,100
992,0,7,5,-80,2,0,0,100,0.01,100
993,0,6,8,-40,6,0,0,100,0.01,100
994,0,8,4,-50,5,0,1,99,0.01,100
995,0,6,0,-40,6,0,0,100,0.01,100
996,0,9,0,-100,0,0,2,98,0.01,100
997,0,5,7,-80,2,0,0,100,0.01,100
998,0,6,3,-60,4,0,4,96,0.01,100
999,0,4,5,-60,4,0,0,100,0.01,100
